Patient index;CYP_rs;;;
CSI_0012.CEL ; CYP2D6_rs1058172;;;
CSI_0026.CEL ; CYP2C19_rs17879685; CYP2C19_rs12248560;;
CSI_0031.CEL ; CYP2D6_rs1058172;;;
CSI_0033.CEL ; CYP2D6_rs1058172;;;
CSI_0043.CEL ; CYP2C19_rs58973490;;;
CSI_0046.CEL ; CYP2D6_rs267608310;;;
CSI_0048.CEL ; CYP2D6_rs1058172;;;
CSI_0062.CEL ; CYP2D6_rs1058172;;;
CSI_0070.CEL ; CYP2D6_rs28371725;;;
CSI_0074.CEL ; CYP2D6_rs78482768;;;
CSI_0075.CEL ; CYP2D6_rs1135840;;;
CSI_0077.CEL ; CYP2D6_rs1058172;;;
CSI_0082.CEL ; CYP2D6_rs1135840; CYP2D6_rs16947;;
CSI_0083.CEL ; CYP2D6_rs28371696;;;
CSI_0099.CEL ; CYP2D6_rs1058172; CYP2D6_rs3892097; CYP2D6_rs1065852;
CSI_0111.CEL ; CYP2D6_rs1058172;;;
CSI_0134.CEL ; CYP2D6_rs1058172;;;
CSI_0137.CEL ; CYP2D6_rs1058172;;;
CSI_0138.CEL ; CYP2D6_rs1058172;;;
GJV_0107.CEL ; CYP2D6_rs769258;;;
GJV_0122.CEL ; CYP2D6_rs1135840; CYP2D6_rs16947;;
HGV_0002.CEL ; CYP2D6_rs1058172;;;
HGV_0008.CEL ; CYP2D6_rs5030867;;;
HGV_0020.CEL ; CYP2C19_rs58973490; CYP2C9_rs7900194;;
HGV_0022.CEL ; CYP2C19_rs28399504;;;
HGV_0023.CEL ; CYP2D6_rs1058172;;;
HGV_0038.CEL ; CYP2D6_rs1058172; CYP2D6_rs78482768;;
HGV_0050.CEL ; CYP2D6_rs1058172;;;
HGV_0052.CEL ; CYP2D6_rs1135840; CYP2D6_rs16947;;
HGV_0058.CEL ; CYP2D6_rs769258;;;
HGV_0061.CEL ; CYP2D6_rs72549358;;;
HGV_0065.CEL ; CYP2D6_rs769258;;;
HGV_0066.CEL ; CYP2C19_rs4244285; CYP2D6_rs1058172;;
HGV_0067.CEL ; CYP2B6_rs2279343;;;
HGV_0069.CEL ; CYP2D6_rs1058172;;;
HSP_0014.CEL ; CYP2B6_rs34826503;;;
HSP_0032.CEL ; CYP2D6_rs1058172;;;
HSP_0041.CEL ; CYP3A4_rs28371759;;;
IEV_0002.CEL ; CYP2D6_rs1058172;;;
IEV_0004.CEL ; CYP2B6_rs2279343; CYP2D6_rs1058172;;
IEV_0011.CEL ; CYP2D6_rs1058172;;;
IEV_0025.CEL ; CYP2D6_rs59421388; CYP2D6_rs61736512; CYP2D6_rs1058172;
IEV_0026.CEL ; CYP2D6_rs1058172;;;
IEV_0027.CEL ; CYP2D6_rs1058172;;;
IEV_0029.CEL ; CYP1A2_rs148157092;;;
IEV_0035.CEL ; CYP2D6_rs78482768;;;
IEV_0037.CEL ; CYP2D6_rs267608313;;;
IEV_0041.CEL ; CYP2D6_rs1058172;;;
IEV_0046.CEL ; CYP2D6_rs76802407; CYP2D6_rs1058172;;
IEV_0048.CEL ; CYP2D6_rs267608313;;;
IEV_0049.CEL ; CYP2D6_rs1058172;;;
IEV_0052.CEL ; CYP2D6_rs1058172;;;
IEV_0055.CEL ; CYP2D6_rs1135840; CYP2D6_rs16947;;
IEV_0057.CEL ; CYP2C9_rs28371686;;;
IEV_0058.CEL ; CYP2D6_rs28371725;;;
PNT_0002.CEL ; CYP2D6_rs1135840; CYP2D6_rs1058172; CYP2D6_rs16947; CYP2D6_rs72549358
PNT_0006.CEL ; CYP1A2_rs45486893;;;
PNT_0009.CEL ; CYP2D6_rs1058172;;;
PNT_0010.CEL ; CYP2D6_rs1058172;;;
PNT_0011.CEL ; CYP2D6_rs1135840; CYP2D6_rs16947;;
PNT_0018.CEL ; CYP2D6_rs1058172;;;
PNT_0019.CEL ; CYP2D6_rs1058172;;;
PNT_0020.CEL ; CYP2D6_rs1058172;;;
PNT_0031.CEL ; CYP3A4_rs4986910;;;
PNT_0039.CEL ; CYP2B6_rs12721655;;;
PNT_0050.CEL ; CYP2D6_rs1058172;;;
PNT_0057.CEL ; CYP2D6_rs78482768;;;
PNT_0060.CEL ; CYP2D6_rs1058172;;;
PNT_0061.CEL ; CYP2D6_rs1058172;;;
PNT_0063.CEL ; CYP2D6_rs78482768;;;
PNT_0066.CEL ; CYP2D6_rs1058172;;;
PNT_0067.CEL ; CYP2D6_rs1058172;;;
PNT_0075.CEL ; CYP2D6_rs1058172;;;
PNT_0082.CEL ; CYP2D6_rs1058172;;;
PNT_0084.CEL ; CYP2C9_rs72558193;;;
PNT_0086.CEL ; CYP2D6_rs1058172;;;
PNT_0087.CEL ; CYP2D6_rs1058172;;;
PNT_0089.CEL ; CYP2D6_rs1058172;;;
PNT_0091.CEL ; CYP2D6_rs1058172;;;
PNT_0095.CEL ; CYP2D6_rs28371725;;;
PNT_0096.CEL ; CYP2D6_rs78482768;;;
PNT_0103.CEL ; CYP2D6_rs1058172; CYP2D6_rs28371717;;
PNT_0110.CEL ; CYP2D6_rs28371725;;;
PNT_0114.CEL ; CYP2D6_rs16947;;;
PNT_0116.CEL ; CYP2D6_rs1135840; CYP2D6_rs1065852;;
PNT_0120.CEL ; CYP2D6_rs1058172;;;
PNT_0121.CEL ; CYP2D6_rs78482768;;;
PNT_0125.CEL ; CYP3A4_rs56324128; CYP2D6_rs1058172;;
PNT_0126.CEL ; CYP2D6_rs1058172;;;
PNT_0132.CEL ; CYP2D6_rs769258;;;
PNT_0136.CEL ; CYP2B6_rs34883432;;;
PNT_0137.CEL ; CYP2D6_rs1135840; CYP2D6_rs16947;;
PNT_0142.CEL ; CYP2D6_rs1058172;;;
PNT_0151.CEL ; CYP2D6_rs78482768;;;
PNT_0155.CEL ; CYP2D6_rs1058172;;;
PNT_0156.CEL ; CYP2D6_rs1058172; CYP2D6_rs3892097; CYP2D6_rs1065852;
PNT_0159.CEL ; CYP2D6_rs5030867;;;
PNT_0164.CEL ; CYP2C9_rs1237225311;;;
PNT_0168.CEL ; CYP3A4_rs4986907;;;
PNT_0171.CEL ; CYP2B6_rs2279343;;;
PNT_0188.CEL ; CYP2D6_rs267608313;;;
PNT_0190.CEL ; CYP2C19_rs3758581; CYP2B6_rs34883432;;
PNT_0191.CEL ; CYP2B6_rs2279343; CYP2D6_rs78482768;;
PNT_0203.CEL ; CYP2D6_rs1058172;;;
PNT_0207.CEL ; CYP2B6_rs33926104; CYP2D6_rs1058172;;
PNT_0209.CEL ; CYP2D6_rs769258;;;
PNT_0222.CEL ; CYP2D6_rs769258;;;
PNT_0223.CEL ; CYP2D6_rs1135840; CYP2D6_rs16947;;
PNT_0224.CEL ; CYP2B6_rs12721655;;;
PNT_0226.CEL ; CYP2B6_rs34883432;;;
PNT_0227.CEL ; CYP2D6_rs1058172;;;
PNT_0229.CEL ; CYP2D6_rs1058172;;;
PNT_0231.CEL ; CYP2B6_rs2279343;;;
PNT_0238.CEL ; CYP2C9_rs56165452;;;
PNT_0243.CEL ; CYP2D6_rs367543000;;;
RJC_0004.CEL ; CYP2B6_rs35979566;;;
RJC_0009.CEL ; CYP2D6_rs1058172;;;
RJC_0010.CEL ; CYP2D6_rs1058172;;;
RJC_0012.CEL ; CYP2B6_rs35979566;;;
RJC_0013.CEL ; CYP1A2_rs45486893;;;
RJC_0014.CEL ; CYP2D6_rs1058172;;;
RJC_0018.CEL ; CYP2D6_rs1058172;;;
RJC_0021.CEL ; CYP2B6_rs34883432;;;
RJC_0024.CEL ; CYP2D6_rs1058172;;;
RJC_0027.CEL ; CYP2C19_rs192154563;;;
RJC_0039.CEL ; CYP1A2_rs148157092;;;
RJC_0042.CEL ; CYP1A2_rs45468096;;;
RJC_0043.CEL ; CYP2B6_rs34883432;;;
RJC_0060.CEL ; CYP2D6_rs1058172;;;
RJC_0064.CEL ; CYP2D6_rs1058172;;;
SFJ_0216.CEL ; CYP2D6_rs1058172;;;
UAM_0001.CEL ; CYP2D6_rs1058172;;;
UAM_0015.CEL ; CYP2D6_rs1058172;;;
UAM_0061.CEL ; CYP2D6_rs1058172;;;
UAM_0062.CEL ; CYP2D6_rs1058172; CYP2D6_rs78482768;;
UAM_0065.CEL ; CYP2D6_rs1058172;;;
UAM_0083.CEL ; CYP2C19_rs58973490; CYP2C9_rs7900194;;
UAM_0084.CEL ; CYP2C9_rs142240658; CYP2D6_rs1058172;;
UAM_0089.CEL ; CYP2D6_rs28371725;;;
UAM_0099.CEL ; CYP2D6_rs1058172;;;
UAM_0108.CEL ; CYP2D6_rs1058172;;;
UAM_0109.CEL ; CYP2B6_rs281864907;;;
UAM_0112.CEL ; CYP2D6_rs1058172;;;
UAM_0113.CEL ; CYP2D6_rs1058172; CYP2D6_rs28371717;;
UAM_0145.CEL ; CYP2D6_rs78482768;;;
UAM_0160.CEL ; CYP2C19_rs12248560; CYP2D6_rs1058172;;
UAM_0165.CEL ; CYP2D6_rs1058172;;;
UAM_0166.CEL ; CYP2D6_rs1058172;;;
UAM_0173.CEL ; CYP2D6_rs1058172;;;
UAM_0174.CEL ; CYP2D6_rs1058172;;;
UAM_0185.CEL ; CYP2D6_rs1058172;;;
UAM_0191.CEL ; CYP2B6_rs45482602; CYP2D6_rs1058172;;
UAM_0194.CEL ; CYP2D6_rs267608313;;;
UAM_0196.CEL ; CYP2D6_rs267608313;;;
UAM_0223.CEL ; CYP2D6_rs1135840; CYP2D6_rs16947;;
UAM_0234.CEL ; CYP2D6_rs1058172;;;
UAM_0244.CEL ; CYP2B6_rs2279343; CYP2D6_rs1058172;;
UAM_0248.CEL ; CYP2D6_rs28371725;;;
UAM_0255.CEL ; CYP2D6_rs1058172;;;
UAM_0259.CEL ; CYP2D6_rs1135840; CYP2D6_rs28371725; CYP2D6_rs16947;
UAM_0269.CEL ; CYP2B6_rs2279343;;;
UAM_0271.CEL ; CYP2B6_rs58871670;;;
UAM_0283.CEL ; CYP2D6_rs1058172;;;
UAM_0304.CEL ; CYP2D6_rs1058172;;;
UAM_0305.CEL ; CYP2D6_rs1058172;;;
UAM_0309.CEL ; CYP2D6_rs78482768;;;
UAM_0326.CEL ; CYP2D6_rs1135840; CYP2D6_rs16947;;
UAM_0339.CEL ; CYP2D6_rs1058172;;;
UAM_0343.CEL ; CYP2B6_rs34883432; CYP2D6_rs72549349;;
UAM_0363.CEL ; CYP2D6_rs1058172;;;
UAM_0364.CEL ; CYP2D6_rs28371725;;;
UAM_0367.CEL ; CYP2D6_rs1058172;;;
UAM_0378.CEL ; CYP2D6_rs1058172;;;
UAM_0380.CEL ; CYP2C19_rs58973490;;;
UAM_0383.CEL ; CYP2B6_rs35979566;;;
UAM_0384.CEL ; CYP2D6_rs79292917;;;
UAM_0388.CEL ; CYP2D6_rs1058172; CYP2D6_rs3892097;;
UAM_0403.CEL ; CYP2D6_rs1058172;;;
UAM_0405.CEL ; CYP2D6_rs78482768;;;
UAM_0421.CEL ; CYP2D6_rs1058172;;;
UAM_0432.CEL ; CYP2C19_rs17879685;;;
UAM_0433.CEL ; CYP2D6_rs1058172;;;
UAM_0441.CEL ; CYP2D6_rs1058172;;;
UAM_0447.CEL ; CYP2B6_rs35303484;;;
UAM_0451.CEL ; CYP2D6_rs1058172;;;
UAM_0455.CEL ; CYP2D6_rs1058172;;;
